Local Authority,Deprivation score (IMD 2019) (value),"Lung Cancer Registrations 2017-19. Directly standardised rate per 100,000 (all age, all person) (value)"
Burnley,37.8,106.1
Hyndburn ,34.3,100.6
Pendle,30.7,80.6
Ribble Valley,10.6,57.9
Rossendale,24.1,88.9
West Lancashire,18.6,76.8
Lancaster,24.2,81.6
Preston,29.5,94.8
South Ribble,15.3,75.6
Fylde,15.9,70.1
Wyre,20.9,82.9
Chorley,16.9,76.3